id,text,label,source_type
282,"The Tenant shall not cause unreasonable disturbance, nuisance, or damage to neighboring occupants.",Tenant Responsibilities,synthetic
98,The Tenant shall allow reasonable access for scheduled maintenance after prior notice.,Maintenance,synthetic
314,The Landlord shall provide reasonable notice before entering the premises except in an emergency.,Landlord Responsibilities,synthetic
270,The Tenant shall comply with reasonable building rules communicated by the Landlord or property manager.,Tenant Responsibilities,synthetic
262,The Tenant shall promptly notify the Landlord of defects that could cause further damage.,Tenant Responsibilities,synthetic
82,"The Tenant shall promptly report leaks, electrical faults, or other conditions requiring maintenance.",Maintenance,synthetic
174,Any contractual penalty shall be applied only in accordance with applicable law.,Penalties,synthetic
222,"Either party may terminate the tenancy by giving 60 days' written notice, subject to applicable law.",Termination,synthetic
144,The Tenant shall be responsible for repairing damage caused by the Tenant's negligence or intentional acts.,Repairs,synthetic
309,The Landlord shall communicate material changes to building rules or services affecting the Tenant.,Landlord Responsibilities,synthetic
187,The Tenant may be charged reasonable documented costs resulting directly from damage caused by a breach of this agreement.,Penalties,synthetic
48,The Landlord shall provide an itemized statement of permitted deductions from the security deposit.,Security Deposit,synthetic
67,Routine servicing of fixtures supplied with the property shall be arranged by the Landlord unless agreed otherwise.,Maintenance,synthetic
46,No part of the security deposit may be retained for ordinary deterioration caused by normal use.,Security Deposit,synthetic
29,"The Tenant shall pay a refundable security deposit of ₹20,000 before taking possession of the premises.",Security Deposit,synthetic
341,The Landlord shall provide reasonable notice before entering the premises except in an emergency.,Landlord Responsibilities,synthetic
94,The Tenant shall keep the rented premises reasonably clean and notify the Landlord of maintenance issues.,Maintenance,synthetic
202,The Tenant shall vacate the premises and return all keys upon expiry or lawful termination.,Termination,synthetic
184,A reasonable charge may apply for replacing lost keys or access devices.,Penalties,synthetic
159,The Tenant may be charged reasonable documented costs resulting directly from damage caused by a breach of this agreement.,Penalties,synthetic
122,The Landlord shall arrange repairs required because of ordinary wear and tear.,Repairs,synthetic
12,The Tenant shall not treat the security deposit as payment of the final month's rent unless agreed in writing.,Security Deposit,synthetic
232,The Tenant may terminate the agreement by providing the required notice to the Landlord.,Termination,synthetic
342,The Landlord shall provide payment records or receipts when required by the agreement.,Landlord Responsibilities,synthetic
251,The Tenant shall use the premises only for the residential purpose stated in this agreement.,Tenant Responsibilities,synthetic
91,The Tenant shall allow reasonable access for scheduled maintenance after prior notice.,Maintenance,synthetic
143,The Landlord shall arrange repairs required because of ordinary wear and tear.,Repairs,synthetic
60,Routine servicing of fixtures supplied with the property shall be arranged by the Landlord unless agreed otherwise.,Maintenance,synthetic
179,"A late payment charge of ₹40,000 may apply if rent remains unpaid after the agreed due date.",Penalties,synthetic
68,"The Tenant shall promptly report leaks, electrical faults, or other conditions requiring maintenance.",Maintenance,synthetic
115,The Landlord shall arrange repairs required because of ordinary wear and tear.,Repairs,synthetic
33,The Tenant shall not treat the security deposit as payment of the final month's rent unless agreed in writing.,Security Deposit,synthetic
319,The Landlord shall provide the Tenant with possession of the premises on the agreed commencement date.,Landlord Responsibilities,synthetic
307,The Landlord shall arrange repairs for building systems that are the Landlord's responsibility.,Landlord Responsibilities,synthetic
299,The Tenant shall not make structural alterations without prior written permission.,Tenant Responsibilities,synthetic
15,"The Tenant shall pay a refundable security deposit of ₹40,000 before taking possession of the premises.",Security Deposit,synthetic
84,The Tenant shall allow reasonable access for scheduled maintenance after prior notice.,Maintenance,synthetic
16,"The security deposit shall be returned within 45 days after the tenancy ends, subject to lawful deductions.",Security Deposit,synthetic
315,The Landlord shall provide payment records or receipts when required by the agreement.,Landlord Responsibilities,synthetic
266,The Tenant shall pay rent and other agreed charges on or before their due dates.,Tenant Responsibilities,synthetic
3,The Landlord may deduct reasonable costs from the security deposit for unpaid rent or damage beyond normal wear and tear.,Security Deposit,synthetic
255,The Tenant shall promptly notify the Landlord of defects that could cause further damage.,Tenant Responsibilities,synthetic
219,"At termination, the parties shall conduct a final inspection where reasonably practicable.",Termination,synthetic
254,"The Tenant shall not cause unreasonable disturbance, nuisance, or damage to neighboring occupants.",Tenant Responsibilities,synthetic
235,Termination shall not extinguish payment obligations that accrued before the termination date.,Termination,synthetic
277,The Tenant shall comply with reasonable building rules communicated by the Landlord or property manager.,Tenant Responsibilities,synthetic
216,The Tenant shall vacate the premises and return all keys upon expiry or lawful termination.,Termination,synthetic
201,"Either party may terminate the tenancy by giving 15 days' written notice, subject to applicable law.",Termination,synthetic
55,The Landlord shall arrange maintenance of building systems not damaged through the Tenant's misuse.,Maintenance,synthetic
147,The Tenant shall not carry out structural repairs or alterations without prior written consent.,Repairs,synthetic
243,"Either party may terminate the tenancy by giving 30 days' written notice, subject to applicable law.",Termination,synthetic
26,The Tenant shall not treat the security deposit as payment of the final month's rent unless agreed in writing.,Security Deposit,synthetic
183,The Tenant shall reimburse documented expenses caused by unauthorized use of the premises.,Penalties,synthetic
260,The Tenant shall keep the premises in a reasonably clean and sanitary condition.,Tenant Responsibilities,synthetic
22,"The Tenant shall pay a refundable security deposit of ₹60,000 before taking possession of the premises.",Security Deposit,synthetic
204,The Tenant may terminate the agreement by providing the required notice to the Landlord.,Termination,synthetic
288,The Tenant shall keep the premises in a reasonably clean and sanitary condition.,Tenant Responsibilities,synthetic
200,"A late payment charge of ₹60,000 may apply if rent remains unpaid after the agreed due date.",Penalties,synthetic
259,The Tenant shall pay rent and other agreed charges on or before their due dates.,Tenant Responsibilities,synthetic
181,Any contractual penalty shall be applied only in accordance with applicable law.,Penalties,synthetic
87,The Tenant shall keep the rented premises reasonably clean and notify the Landlord of maintenance issues.,Maintenance,synthetic
56,The Tenant shall allow reasonable access for scheduled maintenance after prior notice.,Maintenance,synthetic
191,A reasonable charge may apply for replacing lost keys or access devices.,Penalties,synthetic
199,No penalty shall be imposed for ordinary wear and tear.,Penalties,synthetic
278,The Tenant shall not make structural alterations without prior written permission.,Tenant Responsibilities,synthetic
88,Routine servicing of fixtures supplied with the property shall be arranged by the Landlord unless agreed otherwise.,Maintenance,synthetic
317,The Landlord shall return any refundable portion of the security deposit after permitted deductions.,Landlord Responsibilities,synthetic
57,The cost of ordinary building maintenance shall be borne by the Landlord unless otherwise agreed.,Maintenance,synthetic
13,The Landlord shall provide an itemized statement of permitted deductions from the security deposit.,Security Deposit,synthetic
337,The Landlord shall provide the Tenant with possession of the premises on the agreed commencement date.,Landlord Responsibilities,synthetic
108,The Landlord shall arrange repairs required because of ordinary wear and tear.,Repairs,synthetic
273,The Tenant shall pay rent and other agreed charges on or before their due dates.,Tenant Responsibilities,synthetic
5,The Tenant shall not treat the security deposit as payment of the final month's rent unless agreed in writing.,Security Deposit,synthetic
64,The cost of ordinary building maintenance shall be borne by the Landlord unless otherwise agreed.,Maintenance,synthetic
97,The Landlord shall arrange maintenance of building systems not damaged through the Tenant's misuse.,Maintenance,synthetic
176,The Tenant shall reimburse documented expenses caused by unauthorized use of the premises.,Penalties,synthetic
281,The Tenant shall keep the premises in a reasonably clean and sanitary condition.,Tenant Responsibilities,synthetic
300,The Tenant shall use the premises only for the residential purpose stated in this agreement.,Tenant Responsibilities,synthetic
213,The Tenant shall remove personal belongings and hand over vacant possession when the tenancy ends.,Termination,synthetic
264,The Tenant shall not make structural alterations without prior written permission.,Tenant Responsibilities,synthetic
158,"A late payment charge of ₹20,000 may apply if rent remains unpaid after the agreed due date.",Penalties,synthetic
140,The Tenant shall not carry out structural repairs or alterations without prior written consent.,Repairs,synthetic
340,The Landlord shall respect the Tenant's lawful use and possession of the premises during the tenancy.,Landlord Responsibilities,synthetic
234,The Tenant shall remove personal belongings and hand over vacant possession when the tenancy ends.,Termination,synthetic
138,Urgent repairs affecting safety or essential services shall be reported to the Landlord immediately.,Repairs,synthetic
134,"The Landlord shall coordinate repairs to plumbing, electrical systems, and other building infrastructure under the Landlord's responsibility.",Repairs,synthetic
190,The Tenant shall reimburse documented expenses caused by unauthorized use of the premises.,Penalties,synthetic
224,"The Landlord may seek termination where the Tenant materially breaches the agreement, subject to applicable legal requirements.",Termination,synthetic
166,The Tenant may be charged reasonable documented costs resulting directly from damage caused by a breach of this agreement.,Penalties,synthetic
165,"A late payment charge of ₹40,000 may apply if rent remains unpaid after the agreed due date.",Penalties,synthetic
186,"A late payment charge of ₹30,000 may apply if rent remains unpaid after the agreed due date.",Penalties,synthetic
43,"The Tenant shall pay a refundable security deposit of ₹40,000 before taking possession of the premises.",Security Deposit,synthetic
209,The Tenant shall vacate the premises and return all keys upon expiry or lawful termination.,Termination,synthetic
149,The Tenant shall provide reasonable access for necessary repair work.,Repairs,synthetic
290,The Tenant shall promptly notify the Landlord of defects that could cause further damage.,Tenant Responsibilities,synthetic
303,The Landlord shall address maintenance issues that fall within the Landlord's responsibility.,Landlord Responsibilities,synthetic
20,The Landlord shall provide an itemized statement of permitted deductions from the security deposit.,Security Deposit,synthetic
239,The Tenant may terminate the agreement by providing the required notice to the Landlord.,Termination,synthetic
230,The Tenant shall vacate the premises and return all keys upon expiry or lawful termination.,Termination,synthetic
135,The Tenant shall provide reasonable access for necessary repair work.,Repairs,synthetic
76,The Landlord shall arrange maintenance of building systems not damaged through the Tenant's misuse.,Maintenance,synthetic
280,The Tenant shall pay rent and other agreed charges on or before their due dates.,Tenant Responsibilities,synthetic
164,No penalty shall be imposed for ordinary wear and tear.,Penalties,synthetic
258,The Tenant shall use the premises only for the residential purpose stated in this agreement.,Tenant Responsibilities,synthetic
310,The Landlord shall provide the Tenant with possession of the premises on the agreed commencement date.,Landlord Responsibilities,synthetic
168,Unauthorized alterations may result in a reasonable charge for restoring the premises.,Penalties,synthetic
35,The remaining security deposit shall be refunded after the Tenant returns the keys and hands over possession.,Security Deposit,synthetic
244,The Tenant shall vacate the premises and return all keys upon expiry or lawful termination.,Termination,synthetic
101,The Landlord shall arrange repairs required because of ordinary wear and tear.,Repairs,synthetic
346,The Landlord shall provide the Tenant with possession of the premises on the agreed commencement date.,Landlord Responsibilities,synthetic
54,"The Tenant shall promptly report leaks, electrical faults, or other conditions requiring maintenance.",Maintenance,synthetic
110,Urgent repairs affecting safety or essential services shall be reported to the Landlord immediately.,Repairs,synthetic
265,The Tenant shall use the premises only for the residential purpose stated in this agreement.,Tenant Responsibilities,synthetic
350,The Landlord shall provide reasonable notice before entering the premises except in an emergency.,Landlord Responsibilities,synthetic
36,"The Tenant shall pay a refundable security deposit of ₹60,000 before taking possession of the premises.",Security Deposit,synthetic
9,"The security deposit shall be returned within 30 days after the tenancy ends, subject to lawful deductions.",Security Deposit,synthetic
276,The Tenant shall promptly notify the Landlord of defects that could cause further damage.,Tenant Responsibilities,synthetic
18,No part of the security deposit may be retained for ordinary deterioration caused by normal use.,Security Deposit,synthetic
253,The Tenant shall keep the premises in a reasonably clean and sanitary condition.,Tenant Responsibilities,synthetic
96,"The Tenant shall promptly report leaks, electrical faults, or other conditions requiring maintenance.",Maintenance,synthetic
66,The Tenant shall keep the rented premises reasonably clean and notify the Landlord of maintenance issues.,Maintenance,synthetic
261,"The Tenant shall not cause unreasonable disturbance, nuisance, or damage to neighboring occupants.",Tenant Responsibilities,synthetic
118,The Landlord shall repair defects in fixtures provided with the premises when the defect is not caused by the Tenant.,Repairs,synthetic
25,No part of the security deposit may be retained for ordinary deterioration caused by normal use.,Security Deposit,synthetic
50,"The Tenant shall pay a refundable security deposit of ₹60,000 before taking possession of the premises.",Security Deposit,synthetic
19,The Tenant shall not treat the security deposit as payment of the final month's rent unless agreed in writing.,Security Deposit,synthetic
71,The cost of ordinary building maintenance shall be borne by the Landlord unless otherwise agreed.,Maintenance,synthetic
242,Termination shall not extinguish payment obligations that accrued before the termination date.,Termination,synthetic
63,The Tenant shall allow reasonable access for scheduled maintenance after prior notice.,Maintenance,synthetic
197,The Tenant shall reimburse documented expenses caused by unauthorized use of the premises.,Penalties,synthetic
124,Urgent repairs affecting safety or essential services shall be reported to the Landlord immediately.,Repairs,synthetic
287,The Tenant shall pay rent and other agreed charges on or before their due dates.,Tenant Responsibilities,synthetic
240,"At termination, the parties shall conduct a final inspection where reasonably practicable.",Termination,synthetic
131,Urgent repairs affecting safety or essential services shall be reported to the Landlord immediately.,Repairs,synthetic
75,"The Tenant shall promptly report leaks, electrical faults, or other conditions requiring maintenance.",Maintenance,synthetic
162,The Tenant shall reimburse documented expenses caused by unauthorized use of the premises.,Penalties,synthetic
40,The Tenant shall not treat the security deposit as payment of the final month's rent unless agreed in writing.,Security Deposit,synthetic
257,The Tenant shall not make structural alterations without prior written permission.,Tenant Responsibilities,synthetic
171,No penalty shall be imposed for ordinary wear and tear.,Penalties,synthetic
318,The Landlord shall communicate material changes to building rules or services affecting the Tenant.,Landlord Responsibilities,synthetic
58,The Landlord shall be responsible for routine maintenance of the building's common areas.,Maintenance,synthetic
198,A reasonable charge may apply for replacing lost keys or access devices.,Penalties,synthetic
295,The Tenant shall keep the premises in a reasonably clean and sanitary condition.,Tenant Responsibilities,synthetic
250,"Either party may terminate the tenancy by giving 45 days' written notice, subject to applicable law.",Termination,synthetic
4,No part of the security deposit may be retained for ordinary deterioration caused by normal use.,Security Deposit,synthetic
347,The Landlord shall maintain the property in a condition suitable for the agreed residential use.,Landlord Responsibilities,synthetic
80,The Tenant shall keep the rented premises reasonably clean and notify the Landlord of maintenance issues.,Maintenance,synthetic
41,The Landlord shall provide an itemized statement of permitted deductions from the security deposit.,Security Deposit,synthetic
62,The Landlord shall arrange maintenance of building systems not damaged through the Tenant's misuse.,Maintenance,synthetic
335,The Landlord shall return any refundable portion of the security deposit after permitted deductions.,Landlord Responsibilities,synthetic
320,The Landlord shall maintain the property in a condition suitable for the agreed residential use.,Landlord Responsibilities,synthetic
125,The Landlord shall repair defects in fixtures provided with the premises when the defect is not caused by the Tenant.,Repairs,synthetic
249,Termination shall not extinguish payment obligations that accrued before the termination date.,Termination,synthetic
338,The Landlord shall maintain the property in a condition suitable for the agreed residential use.,Landlord Responsibilities,synthetic
312,The Landlord shall address maintenance issues that fall within the Landlord's responsibility.,Landlord Responsibilities,synthetic
182,Unauthorized alterations may result in a reasonable charge for restoring the premises.,Penalties,synthetic
298,The Tenant shall comply with reasonable building rules communicated by the Landlord or property manager.,Tenant Responsibilities,synthetic
325,The Landlord shall arrange repairs for building systems that are the Landlord's responsibility.,Landlord Responsibilities,synthetic
311,The Landlord shall maintain the property in a condition suitable for the agreed residential use.,Landlord Responsibilities,synthetic
205,"At termination, the parties shall conduct a final inspection where reasonably practicable.",Termination,synthetic
161,Unauthorized alterations may result in a reasonable charge for restoring the premises.,Penalties,synthetic
301,The Landlord shall provide the Tenant with possession of the premises on the agreed commencement date.,Landlord Responsibilities,synthetic
160,Any contractual penalty shall be applied only in accordance with applicable law.,Penalties,synthetic
93,The Landlord shall be responsible for routine maintenance of the building's common areas.,Maintenance,synthetic
207,Termination shall not extinguish payment obligations that accrued before the termination date.,Termination,synthetic
49,The remaining security deposit shall be refunded after the Tenant returns the keys and hands over possession.,Security Deposit,synthetic
14,The remaining security deposit shall be refunded after the Tenant returns the keys and hands over possession.,Security Deposit,synthetic
188,Any contractual penalty shall be applied only in accordance with applicable law.,Penalties,synthetic
272,The Tenant shall use the premises only for the residential purpose stated in this agreement.,Tenant Responsibilities,synthetic
238,"The Landlord may seek termination where the Tenant materially breaches the agreement, subject to applicable legal requirements.",Termination,synthetic
169,The Tenant shall reimburse documented expenses caused by unauthorized use of the premises.,Penalties,synthetic
1,"The Tenant shall pay a refundable security deposit of ₹20,000 before taking possession of the premises.",Security Deposit,synthetic
132,The Landlord shall repair defects in fixtures provided with the premises when the defect is not caused by the Tenant.,Repairs,synthetic
275,"The Tenant shall not cause unreasonable disturbance, nuisance, or damage to neighboring occupants.",Tenant Responsibilities,synthetic
30,"The security deposit shall be returned within 60 days after the tenancy ends, subject to lawful deductions.",Security Deposit,synthetic
193,"A late payment charge of ₹50,000 may apply if rent remains unpaid after the agreed due date.",Penalties,synthetic
293,The Tenant shall use the premises only for the residential purpose stated in this agreement.,Tenant Responsibilities,synthetic
279,The Tenant shall use the premises only for the residential purpose stated in this agreement.,Tenant Responsibilities,synthetic
23,"The security deposit shall be returned within 15 days after the tenancy ends, subject to lawful deductions.",Security Deposit,synthetic
339,The Landlord shall address maintenance issues that fall within the Landlord's responsibility.,Landlord Responsibilities,synthetic
10,The Landlord may deduct reasonable costs from the security deposit for unpaid rent or damage beyond normal wear and tear.,Security Deposit,synthetic
332,The Landlord shall provide reasonable notice before entering the premises except in an emergency.,Landlord Responsibilities,synthetic
103,Urgent repairs affecting safety or essential services shall be reported to the Landlord immediately.,Repairs,synthetic
170,A reasonable charge may apply for replacing lost keys or access devices.,Penalties,synthetic
348,The Landlord shall address maintenance issues that fall within the Landlord's responsibility.,Landlord Responsibilities,synthetic
237,The Tenant shall vacate the premises and return all keys upon expiry or lawful termination.,Termination,synthetic
178,No penalty shall be imposed for ordinary wear and tear.,Penalties,synthetic
106,"The Landlord shall coordinate repairs to plumbing, electrical systems, and other building infrastructure under the Landlord's responsibility.",Repairs,synthetic
256,The Tenant shall comply with reasonable building rules communicated by the Landlord or property manager.,Tenant Responsibilities,synthetic
329,The Landlord shall maintain the property in a condition suitable for the agreed residential use.,Landlord Responsibilities,synthetic
316,The Landlord shall arrange repairs for building systems that are the Landlord's responsibility.,Landlord Responsibilities,synthetic
172,"A late payment charge of ₹30,000 may apply if rent remains unpaid after the agreed due date.",Penalties,synthetic
229,"Either party may terminate the tenancy by giving 30 days' written notice, subject to applicable law.",Termination,synthetic
86,The Landlord shall be responsible for routine maintenance of the building's common areas.,Maintenance,synthetic
105,The Tenant shall not carry out structural repairs or alterations without prior written consent.,Repairs,synthetic
90,The Landlord shall arrange maintenance of building systems not damaged through the Tenant's misuse.,Maintenance,synthetic
208,"Either party may terminate the tenancy by giving 30 days' written notice, subject to applicable law.",Termination,synthetic
225,The Tenant may terminate the agreement by providing the required notice to the Landlord.,Termination,synthetic
126,The Tenant shall not carry out structural repairs or alterations without prior written consent.,Repairs,synthetic
163,A reasonable charge may apply for replacing lost keys or access devices.,Penalties,synthetic
112,The Tenant shall not carry out structural repairs or alterations without prior written consent.,Repairs,synthetic
334,The Landlord shall arrange repairs for building systems that are the Landlord's responsibility.,Landlord Responsibilities,synthetic
47,The Tenant shall not treat the security deposit as payment of the final month's rent unless agreed in writing.,Security Deposit,synthetic
72,The Landlord shall be responsible for routine maintenance of the building's common areas.,Maintenance,synthetic
114,The Tenant shall provide reasonable access for necessary repair work.,Repairs,synthetic
167,Any contractual penalty shall be applied only in accordance with applicable law.,Penalties,synthetic
133,The Tenant shall not carry out structural repairs or alterations without prior written consent.,Repairs,synthetic
121,The Tenant shall provide reasonable access for necessary repair work.,Repairs,synthetic
45,The Landlord may deduct reasonable costs from the security deposit for unpaid rent or damage beyond normal wear and tear.,Security Deposit,synthetic
194,The Tenant may be charged reasonable documented costs resulting directly from damage caused by a breach of this agreement.,Penalties,synthetic
217,"The Landlord may seek termination where the Tenant materially breaches the agreement, subject to applicable legal requirements.",Termination,synthetic
345,The Landlord shall communicate material changes to building rules or services affecting the Tenant.,Landlord Responsibilities,synthetic
291,The Tenant shall comply with reasonable building rules communicated by the Landlord or property manager.,Tenant Responsibilities,synthetic
69,The Landlord shall arrange maintenance of building systems not damaged through the Tenant's misuse.,Maintenance,synthetic
211,The Tenant may terminate the agreement by providing the required notice to the Landlord.,Termination,synthetic
223,The Tenant shall vacate the premises and return all keys upon expiry or lawful termination.,Termination,synthetic
196,Unauthorized alterations may result in a reasonable charge for restoring the premises.,Penalties,synthetic
6,The Landlord shall provide an itemized statement of permitted deductions from the security deposit.,Security Deposit,synthetic
151,"A late payment charge of ₹40,000 may apply if rent remains unpaid after the agreed due date.",Penalties,synthetic
271,The Tenant shall not make structural alterations without prior written permission.,Tenant Responsibilities,synthetic
221,Termination shall not extinguish payment obligations that accrued before the termination date.,Termination,synthetic
215,"Either party may terminate the tenancy by giving 45 days' written notice, subject to applicable law.",Termination,synthetic
173,The Tenant may be charged reasonable documented costs resulting directly from damage caused by a breach of this agreement.,Penalties,synthetic
263,The Tenant shall comply with reasonable building rules communicated by the Landlord or property manager.,Tenant Responsibilities,synthetic
331,The Landlord shall respect the Tenant's lawful use and possession of the premises during the tenancy.,Landlord Responsibilities,synthetic
324,The Landlord shall provide payment records or receipts when required by the agreement.,Landlord Responsibilities,synthetic
327,The Landlord shall communicate material changes to building rules or services affecting the Tenant.,Landlord Responsibilities,synthetic
336,The Landlord shall communicate material changes to building rules or services affecting the Tenant.,Landlord Responsibilities,synthetic
83,The Landlord shall arrange maintenance of building systems not damaged through the Tenant's misuse.,Maintenance,synthetic
189,Unauthorized alterations may result in a reasonable charge for restoring the premises.,Penalties,synthetic
349,The Landlord shall respect the Tenant's lawful use and possession of the premises during the tenancy.,Landlord Responsibilities,synthetic
228,Termination shall not extinguish payment obligations that accrued before the termination date.,Termination,synthetic
11,No part of the security deposit may be retained for ordinary deterioration caused by normal use.,Security Deposit,synthetic
154,Unauthorized alterations may result in a reasonable charge for restoring the premises.,Penalties,synthetic
21,The remaining security deposit shall be refunded after the Tenant returns the keys and hands over possession.,Security Deposit,synthetic
247,"At termination, the parties shall conduct a final inspection where reasonably practicable.",Termination,synthetic
127,"The Landlord shall coordinate repairs to plumbing, electrical systems, and other building infrastructure under the Landlord's responsibility.",Repairs,synthetic
139,The Landlord shall repair defects in fixtures provided with the premises when the defect is not caused by the Tenant.,Repairs,synthetic
129,The Landlord shall arrange repairs required because of ordinary wear and tear.,Repairs,synthetic
70,The Tenant shall allow reasonable access for scheduled maintenance after prior notice.,Maintenance,synthetic
104,The Landlord shall repair defects in fixtures provided with the premises when the defect is not caused by the Tenant.,Repairs,synthetic
180,The Tenant may be charged reasonable documented costs resulting directly from damage caused by a breach of this agreement.,Penalties,synthetic
344,The Landlord shall return any refundable portion of the security deposit after permitted deductions.,Landlord Responsibilities,synthetic
177,A reasonable charge may apply for replacing lost keys or access devices.,Penalties,synthetic
267,The Tenant shall keep the premises in a reasonably clean and sanitary condition.,Tenant Responsibilities,synthetic
32,No part of the security deposit may be retained for ordinary deterioration caused by normal use.,Security Deposit,synthetic
113,"The Landlord shall coordinate repairs to plumbing, electrical systems, and other building infrastructure under the Landlord's responsibility.",Repairs,synthetic
74,Routine servicing of fixtures supplied with the property shall be arranged by the Landlord unless agreed otherwise.,Maintenance,synthetic
236,"Either party may terminate the tenancy by giving 30 days' written notice, subject to applicable law.",Termination,synthetic
322,The Landlord shall respect the Tenant's lawful use and possession of the premises during the tenancy.,Landlord Responsibilities,synthetic
212,"At termination, the parties shall conduct a final inspection where reasonably practicable.",Termination,synthetic
192,No penalty shall be imposed for ordinary wear and tear.,Penalties,synthetic
292,The Tenant shall not make structural alterations without prior written permission.,Tenant Responsibilities,synthetic
79,The Landlord shall be responsible for routine maintenance of the building's common areas.,Maintenance,synthetic
203,"The Landlord may seek termination where the Tenant materially breaches the agreement, subject to applicable legal requirements.",Termination,synthetic
85,The cost of ordinary building maintenance shall be borne by the Landlord unless otherwise agreed.,Maintenance,synthetic
304,The Landlord shall respect the Tenant's lawful use and possession of the premises during the tenancy.,Landlord Responsibilities,synthetic
308,The Landlord shall return any refundable portion of the security deposit after permitted deductions.,Landlord Responsibilities,synthetic
73,The Tenant shall keep the rented premises reasonably clean and notify the Landlord of maintenance issues.,Maintenance,synthetic
137,The Tenant shall be responsible for repairing damage caused by the Tenant's negligence or intentional acts.,Repairs,synthetic
305,The Landlord shall provide reasonable notice before entering the premises except in an emergency.,Landlord Responsibilities,synthetic
297,The Tenant shall promptly notify the Landlord of defects that could cause further damage.,Tenant Responsibilities,synthetic
313,The Landlord shall respect the Tenant's lawful use and possession of the premises during the tenancy.,Landlord Responsibilities,synthetic
218,The Tenant may terminate the agreement by providing the required notice to the Landlord.,Termination,synthetic
102,The Tenant shall be responsible for repairing damage caused by the Tenant's negligence or intentional acts.,Repairs,synthetic
285,The Tenant shall not make structural alterations without prior written permission.,Tenant Responsibilities,synthetic
120,"The Landlord shall coordinate repairs to plumbing, electrical systems, and other building infrastructure under the Landlord's responsibility.",Repairs,synthetic
37,"The security deposit shall be returned within 60 days after the tenancy ends, subject to lawful deductions.",Security Deposit,synthetic
233,"At termination, the parties shall conduct a final inspection where reasonably practicable.",Termination,synthetic
343,The Landlord shall arrange repairs for building systems that are the Landlord's responsibility.,Landlord Responsibilities,synthetic
148,"The Landlord shall coordinate repairs to plumbing, electrical systems, and other building infrastructure under the Landlord's responsibility.",Repairs,synthetic
119,The Tenant shall not carry out structural repairs or alterations without prior written consent.,Repairs,synthetic
17,The Landlord may deduct reasonable costs from the security deposit for unpaid rent or damage beyond normal wear and tear.,Security Deposit,synthetic
328,The Landlord shall provide the Tenant with possession of the premises on the agreed commencement date.,Landlord Responsibilities,synthetic
321,The Landlord shall address maintenance issues that fall within the Landlord's responsibility.,Landlord Responsibilities,synthetic
323,The Landlord shall provide reasonable notice before entering the premises except in an emergency.,Landlord Responsibilities,synthetic
210,"The Landlord may seek termination where the Tenant materially breaches the agreement, subject to applicable legal requirements.",Termination,synthetic
2,"The security deposit shall be returned within 30 days after the tenancy ends, subject to lawful deductions.",Security Deposit,synthetic
283,The Tenant shall promptly notify the Landlord of defects that could cause further damage.,Tenant Responsibilities,synthetic
39,No part of the security deposit may be retained for ordinary deterioration caused by normal use.,Security Deposit,synthetic
89,"The Tenant shall promptly report leaks, electrical faults, or other conditions requiring maintenance.",Maintenance,synthetic
123,The Tenant shall be responsible for repairing damage caused by the Tenant's negligence or intentional acts.,Repairs,synthetic
81,Routine servicing of fixtures supplied with the property shall be arranged by the Landlord unless agreed otherwise.,Maintenance,synthetic
42,The remaining security deposit shall be refunded after the Tenant returns the keys and hands over possession.,Security Deposit,synthetic
136,The Landlord shall arrange repairs required because of ordinary wear and tear.,Repairs,synthetic
109,The Tenant shall be responsible for repairing damage caused by the Tenant's negligence or intentional acts.,Repairs,synthetic
107,The Tenant shall provide reasonable access for necessary repair work.,Repairs,synthetic
51,The Landlord shall be responsible for routine maintenance of the building's common areas.,Maintenance,synthetic
31,The Landlord may deduct reasonable costs from the security deposit for unpaid rent or damage beyond normal wear and tear.,Security Deposit,synthetic
157,No penalty shall be imposed for ordinary wear and tear.,Penalties,synthetic
220,The Tenant shall remove personal belongings and hand over vacant possession when the tenancy ends.,Termination,synthetic
153,Any contractual penalty shall be applied only in accordance with applicable law.,Penalties,synthetic
227,The Tenant shall remove personal belongings and hand over vacant possession when the tenancy ends.,Termination,synthetic
231,"The Landlord may seek termination where the Tenant materially breaches the agreement, subject to applicable legal requirements.",Termination,synthetic
195,Any contractual penalty shall be applied only in accordance with applicable law.,Penalties,synthetic
268,"The Tenant shall not cause unreasonable disturbance, nuisance, or damage to neighboring occupants.",Tenant Responsibilities,synthetic
116,The Tenant shall be responsible for repairing damage caused by the Tenant's negligence or intentional acts.,Repairs,synthetic
214,Termination shall not extinguish payment obligations that accrued before the termination date.,Termination,synthetic
286,The Tenant shall use the premises only for the residential purpose stated in this agreement.,Tenant Responsibilities,synthetic
61,"The Tenant shall promptly report leaks, electrical faults, or other conditions requiring maintenance.",Maintenance,synthetic
128,The Tenant shall provide reasonable access for necessary repair work.,Repairs,synthetic
44,"The security deposit shall be returned within 45 days after the tenancy ends, subject to lawful deductions.",Security Deposit,synthetic
156,A reasonable charge may apply for replacing lost keys or access devices.,Penalties,synthetic
289,"The Tenant shall not cause unreasonable disturbance, nuisance, or damage to neighboring occupants.",Tenant Responsibilities,synthetic
77,The Tenant shall allow reasonable access for scheduled maintenance after prior notice.,Maintenance,synthetic
78,The cost of ordinary building maintenance shall be borne by the Landlord unless otherwise agreed.,Maintenance,synthetic
330,The Landlord shall address maintenance issues that fall within the Landlord's responsibility.,Landlord Responsibilities,synthetic
296,"The Tenant shall not cause unreasonable disturbance, nuisance, or damage to neighboring occupants.",Tenant Responsibilities,synthetic
38,The Landlord may deduct reasonable costs from the security deposit for unpaid rent or damage beyond normal wear and tear.,Security Deposit,synthetic
326,The Landlord shall return any refundable portion of the security deposit after permitted deductions.,Landlord Responsibilities,synthetic
206,The Tenant shall remove personal belongings and hand over vacant possession when the tenancy ends.,Termination,synthetic
34,The Landlord shall provide an itemized statement of permitted deductions from the security deposit.,Security Deposit,synthetic
59,The Tenant shall keep the rented premises reasonably clean and notify the Landlord of maintenance issues.,Maintenance,synthetic
245,"The Landlord may seek termination where the Tenant materially breaches the agreement, subject to applicable legal requirements.",Termination,synthetic
130,The Tenant shall be responsible for repairing damage caused by the Tenant's negligence or intentional acts.,Repairs,synthetic
27,The Landlord shall provide an itemized statement of permitted deductions from the security deposit.,Security Deposit,synthetic
95,Routine servicing of fixtures supplied with the property shall be arranged by the Landlord unless agreed otherwise.,Maintenance,synthetic
175,Unauthorized alterations may result in a reasonable charge for restoring the premises.,Penalties,synthetic
226,"At termination, the parties shall conduct a final inspection where reasonably practicable.",Termination,synthetic
246,The Tenant may terminate the agreement by providing the required notice to the Landlord.,Termination,synthetic
241,The Tenant shall remove personal belongings and hand over vacant possession when the tenancy ends.,Termination,synthetic
146,The Landlord shall repair defects in fixtures provided with the premises when the defect is not caused by the Tenant.,Repairs,synthetic
294,The Tenant shall pay rent and other agreed charges on or before their due dates.,Tenant Responsibilities,synthetic
7,The remaining security deposit shall be refunded after the Tenant returns the keys and hands over possession.,Security Deposit,synthetic
53,Routine servicing of fixtures supplied with the property shall be arranged by the Landlord unless agreed otherwise.,Maintenance,synthetic
252,The Tenant shall pay rent and other agreed charges on or before their due dates.,Tenant Responsibilities,synthetic
333,The Landlord shall provide payment records or receipts when required by the agreement.,Landlord Responsibilities,synthetic
150,The Landlord shall arrange repairs required because of ordinary wear and tear.,Repairs,synthetic
284,The Tenant shall comply with reasonable building rules communicated by the Landlord or property manager.,Tenant Responsibilities,synthetic
28,The remaining security deposit shall be refunded after the Tenant returns the keys and hands over possession.,Security Deposit,synthetic
24,The Landlord may deduct reasonable costs from the security deposit for unpaid rent or damage beyond normal wear and tear.,Security Deposit,synthetic
141,"The Landlord shall coordinate repairs to plumbing, electrical systems, and other building infrastructure under the Landlord's responsibility.",Repairs,synthetic
65,The Landlord shall be responsible for routine maintenance of the building's common areas.,Maintenance,synthetic
274,The Tenant shall keep the premises in a reasonably clean and sanitary condition.,Tenant Responsibilities,synthetic
8,"The Tenant shall pay a refundable security deposit of ₹30,000 before taking possession of the premises.",Security Deposit,synthetic
155,The Tenant shall reimburse documented expenses caused by unauthorized use of the premises.,Penalties,synthetic
92,The cost of ordinary building maintenance shall be borne by the Landlord unless otherwise agreed.,Maintenance,synthetic
185,No penalty shall be imposed for ordinary wear and tear.,Penalties,synthetic
117,Urgent repairs affecting safety or essential services shall be reported to the Landlord immediately.,Repairs,synthetic
152,The Tenant may be charged reasonable documented costs resulting directly from damage caused by a breach of this agreement.,Penalties,synthetic
100,The Landlord shall be responsible for routine maintenance of the building's common areas.,Maintenance,synthetic
52,The Tenant shall keep the rented premises reasonably clean and notify the Landlord of maintenance issues.,Maintenance,synthetic
145,Urgent repairs affecting safety or essential services shall be reported to the Landlord immediately.,Repairs,synthetic
306,The Landlord shall provide payment records or receipts when required by the agreement.,Landlord Responsibilities,synthetic
269,The Tenant shall promptly notify the Landlord of defects that could cause further damage.,Tenant Responsibilities,synthetic
302,The Landlord shall maintain the property in a condition suitable for the agreed residential use.,Landlord Responsibilities,synthetic
142,The Tenant shall provide reasonable access for necessary repair work.,Repairs,synthetic
248,The Tenant shall remove personal belongings and hand over vacant possession when the tenancy ends.,Termination,synthetic
111,The Landlord shall repair defects in fixtures provided with the premises when the defect is not caused by the Tenant.,Repairs,synthetic
99,The cost of ordinary building maintenance shall be borne by the Landlord unless otherwise agreed.,Maintenance,synthetic
